Auth Found,Authorization Number,Call Back Number,Call Hang-Up Stage,Call Purpose,Call Reference Number,Classification,Happy Call,Member Date of Birth,Member ID,Member Name,NPI No.,Next Steps,Priority,Provider,Reason for documenting,Request Asked,Requested Live Representative,Tax ID,Transfer request reason,__v,_id.buffer.0,_id.buffer.1,_id.buffer.10,_id.buffer.11,_id.buffer.2,_id.buffer.3,_id.buffer.4,_id.buffer.5,_id.buffer.6,_id.buffer.7,_id.buffer.8,_id.buffer.9,agentId.buffer.0,agentId.buffer.1,agentId.buffer.10,agentId.buffer.11,agentId.buffer.2,agentId.buffer.3,agentId.buffer.4,agentId.buffer.5,agentId.buffer.6,agentId.buffer.7,agentId.buffer.8,agentId.buffer.9,aiCallWebhookFired,assignedTo,callBillingType,callCharge,callFollowUpType,callPaymentStatus,callSid,careGap.addressedCareGaps,careGap.workflow,comments,company,completionSource,createdBy,cronProcessed,dialerType,disposition,dispositionId.buffer.0,dispositionId.buffer.1,dispositionId.buffer.10,dispositionId.buffer.11,dispositionId.buffer.2,dispositionId.buffer.3,dispositionId.buffer.4,dispositionId.buffer.5,dispositionId.buffer.6,dispositionId.buffer.7,dispositionId.buffer.8,dispositionId.buffer.9,duration,durationAfterTransfer,durationBeforeTransfer,flgAccountDeletion,flgUseStatus,fromNumber,insightsStatus,isCadencePaused,isInboundVoicemailPlayed,isNewCadence,isSkippedByCron,isTranscripted,lastUpdatedBy,missedCall,next_step,notes,outcome,paymentAttempts,previousScheduledDate,prospectDetails,prospectDetails._id.buffer.0,prospectDetails._id.buffer.1,prospectDetails._id.buffer.10,prospectDetails._id.buffer.11,prospectDetails._id.buffer.2,prospectDetails._id.buffer.3,prospectDetails._id.buffer.4,prospectDetails._id.buffer.5,prospectDetails._id.buffer.6,prospectDetails._id.buffer.7,prospectDetails._id.buffer.8,prospectDetails._id.buffer.9,prospectDetails.pFirstName,prospectDetails.pList,prospectEmailId,prospectId.buffer.0,prospectId.buffer.1,prospectId.buffer.10,prospectId.buffer.11,prospectId.buffer.2,prospectId.buffer.3,prospectId.buffer.4,prospectId.buffer.5,prospectId.buffer.6,prospectId.buffer.7,prospectId.buffer.8,prospectId.buffer.9,prospectPhoneNo,reachedRingingStatus,recordCharge,recordDuration,recordPaymentStatus,recordUrl,referenceId,rescheduleComments,sharableLink,status,subcallCharge,todos.completedBy,todos.completedSource,todos.status,transcript,transfer.attemptedUsers,transfer.offsetSecs,transfer.transferredNumber,transfer.type,transfer.user,transfer.user.buffer.0,transfer.user.buffer.1,transfer.user.buffer.10,transfer.user.buffer.11,transfer.user.buffer.2,transfer.user.buffer.3,transfer.user.buffer.4,transfer.user.buffer.5,transfer.user.buffer.6,transfer.user.buffer.7,transfer.user.buffer.8,transfer.user.buffer.9,transfer.waitingTime,type,username
,,18699171367,,,,,,1999-08-17,MBR632510,Member B0,1198277534,,,Golden Valley Diagnostics,,,,70-4123476,,48,228,155,72,46,21,202,231,80,7,32,30,18,97,123,15,237,167,225,100,119,150,255,2,43,,,HUMAN_ANSWERED,,,,,,,,Acme Health Insurance Co,,,,,Escalated,142,208,42,130,161,117,147,15,35,55,205,55,157.67,57.48,0.02,,,-,,,,,,,,,,,,,,,240,192,203,214,37,101,138,172,44,159,170,7,Harbor View Medical Center,,,60,68,126,51,5,30,238,249,90,96,229,97,15305071838,,,,,,,,,,,,,,,,,,,,214,196,59,202,215,108,0,138,155,10,107,95,,Inbound,
,,19964488149,,,,,,1991-02-10,MBR253468,Member B1,1474101768,,,-,,,,11-6518956,,151,197,37,38,46,106,124,7,188,190,232,65,247,69,197,93,78,159,116,127,97,81,100,198,247,,,HUMAN_ANSWERED,,,,,,,,Acme Health Insurance Co,,,,,Callback Needed,24,53,55,19,130,122,200,131,215,251,150,89,390.99,7.58,29.41,,,12318429186,,,,,,,,,,Left VM,,,,,104,8,35,137,210,228,127,30,23,90,144,188,Golden Valley Diagnostics,,,67,47,185,70,230,169,71,17,9,243,183,159,16386274758,,,,,,,,,,,,,,,,,,,,38,246,34,159,163,69,37,38,231,188,22,66,,Inbound,
,,15929906151,,,,,,1972-02-17,MBR181442,Member D2,1848827274,,,Bluebell Medical Group,,,,73-1243815,,195,194,6,36,41,46,59,131,213,169,198,234,225,236,42,15,158,44,246,11,117,57,254,248,130,,,HUMAN_ANSWERED,,,,,,,,Acme Health Insurance Co,,,,,Callback Needed,154,73,103,86,175,226,255,123,167,207,128,101,322.47,45.28,9.64,,,-,,,,,,,,,,Spoke with rep,,,,,107,69,68,254,179,20,32,141,86,57,230,241,-,,,109,211,195,252,161,231,164,38,16,142,21,143,17622242530,,,,,,,,,,,,,,,,,,,,9,69,207,232,97,12,136,121,72,24,59,228,,Inbound,
,,9.18E+11,,,,,,1991-06-11,MBR817742,Member B3,1214041223,,,Oakwood Pediatrics,,,,42-3997855,,5,241,18,91,115,139,177,81,201,114,44,210,198,66,230,232,100,3,192,175,237,167,104,50,63,,,VOICEMAIL_DROPPED,,,,,,,,Acme Health Insurance Co,,,,,Resolved,199,44,158,164,134,8,178,42,19,225,175,215,197.54,1.7,2.88,,,17037551276,,,,,,,,,,Spoke with rep,,,,,71,240,76,225,252,44,113,224,148,84,131,159,Harbor View Medical Center,,,106,155,72,139,254,102,210,58,2,193,14,22,18015462204,,,,,,,,,,,,,,,,,,,,62,251,47,85,33,234,211,206,137,126,242,252,,Inbound,
,,9.16E+11,,,,,,1980-09-15,MBR213889,Member B4,1450476837,,,Bluebell Medical Group,,,,43-3172002,,11,18,99,79,116,6,145,164,181,125,255,53,255,62,128,101,223,11,192,211,81,104,111,110,69,,,VOICEMAIL_DROPPED,,,,,,,,Acme Health Insurance Co,,,,,Escalated,177,92,161,161,99,111,99,49,68,122,67,45,43.32,49.93,35.55,,,9.16E+11,,,,,,,,,,,,,,,49,102,183,184,59,175,96,36,246,54,12,19,Golden Valley Diagnostics,,,246,75,97,94,58,104,88,80,144,48,31,68,13984578740,,,,,,,,,,,,,,,,,,,,49,167,200,239,218,181,220,107,191,6,20,102,,Inbound,
,,9.17E+11,,,,,,1973-06-16,MBR304604,Member B5,1101792500,,,Golden Valley Diagnostics,,,,11-6430729,,43,207,97,174,132,143,59,81,207,68,168,189,221,92,207,105,94,36,174,154,240,51,5,182,25,,,VOICEMAIL_DROPPED,,,,,,,,Acme Health Insurance Co,,,,,Callback Needed,153,172,110,207,93,39,199,254,109,61,202,11,,6.48,19.96,,,15269781182,,,,,,,,,,Requested callback,,,,,5,50,132,128,141,174,212,51,227,39,23,197,Maple Street Hospital,,,197,241,86,253,29,219,253,215,145,204,159,187,18370478567,,,,,,,,,,,,,,,,,,,,138,145,151,13,7,125,21,80,209,199,27,161,,Inbound,
,,16510395179,,,,,,1996-06-11,MBR936335,Member B6,1461189011,,,Oakwood Pediatrics,,,,42-5088746,,23,50,239,73,125,58,25,213,233,60,104,26,182,79,63,186,226,71,213,233,134,214,186,70,148,,,VOICEMAIL_DROPPED,,,,,,,,Acme Health Insurance Co,,,,,Resolved,246,58,158,183,140,139,97,142,122,97,127,100,20.61,3.65,19.13,,,12440103592,,,,,,,,,,Spoke with rep,,,,,37,44,82,120,191,247,245,181,107,173,175,253,Maple Street Hospital,,,38,61,229,109,227,217,132,199,77,188,78,166,19554783530,,,,,,,,,,,,,,,,,,,,94,218,189,49,236,165,40,42,221,248,237,153,,Inbound,
,,12039911577,,,,,,1969-04-19,MBR185678,Member C7,1531245850,,,Restricted,,,,46-3397768,,112,183,167,187,60,165,225,142,224,156,234,162,113,204,127,43,185,187,12,186,202,198,99,188,199,,,VOICEMAIL_DROPPED,,,,,,,,Acme Health Insurance Co,,,,,Escalated,90,90,45,232,144,11,113,29,81,151,11,216,,32.81,3.78,,,Restricted,,,,,,,,,,,,,,,160,43,13,73,49,216,125,112,250,173,235,201,Restricted,,,172,170,69,252,249,37,23,210,178,1,193,45,14749953129,,,,,,,,,,,,,,,,,,,,185,5,56,215,215,74,125,83,192,85,164,104,,Inbound,
,,14272344304,,,,,,1967-01-17,MBR423427,Member A8,1325879939,,,Maple Street Hospital,,,,32-2045967,,234,8,246,18,160,55,101,94,183,111,120,241,114,226,94,143,206,88,159,245,133,248,206,175,47,,,HUMAN_ANSWERED,,,,,,,,Acme Health Insurance Co,,,,,Resolved,204,25,111,68,197,140,29,121,5,241,190,230,286.75,36.36,7.06,,,17409182019,,,,,,,,,,Left VM,,,,,136,27,77,91,0,104,76,65,42,180,138,49,Oakwood Pediatrics,,,239,42,155,9,96,213,98,46,225,106,19,211,16971645906,,,,,,,,,,,,,,,,,,,,159,161,159,207,38,156,239,34,184,38,71,54,,Inbound,
,,14902790806,,,,,,1997-02-17,MBR112948,Member D9,1764245878,,,Oakwood Pediatrics,,,,40-5923580,,58,234,5,105,77,148,192,152,172,200,44,131,96,102,192,56,168,158,140,240,169,228,195,47,52,,,VOICEMAIL_DROPPED,,,,,,,,Acme Health Insurance Co,,,,,Escalated,48,67,91,92,98,205,18,237,46,51,116,16,54.02,24.41,n/a,,,18128972879,,,,,,,,,,Left VM,,,,,105,75,197,247,169,211,7,205,162,125,9,133,Restricted,,,96,175,157,225,54,193,104,170,150,52,81,129,15878341577,,,,,,,,,,,,,,,,,,,,119,180,72,101,100,13,101,42,69,125,244,213,,Inbound,
,,13413837176,,,,,,1973-05-17,MBR230051,Member D10,1783597224,,,Maple Street Hospital,,,,40-2066814,,135,86,171,74,62,1,147,186,123,185,84,95,39,232,16,206,92,70,157,195,8,81,102,210,239,,,HUMAN_ANSWERED,,,,,,,,Acme Health Insurance Co,,,,,Resolved,197,60,207,88,172,67,134,124,170,27,19,74,201.53,6.15,40.35,,,18720660196,,,,,,,,,,Requested callback,,,,,144,248,237,209,222,60,58,169,221,215,12,164,Bluebell Medical Group,,,151,221,192,164,156,35,125,63,228,124,203,26,16747541368,,,,,,,,,,,,,,,,,,,,122,156,202,120,35,188,215,84,113,215,62,36,,Inbound,
,,Restricted,,,,,,1958-02-18,MBR703861,Member D11,1000619099,,,-,,,,41-6020875,,12,166,88,32,225,230,203,72,182,118,23,156,15,232,160,157,166,255,73,241,105,103,151,30,100,,,voicemail dropped,,,,,,,,Acme Health Insurance Co,,,,,Callback Needed,241,8,88,103,120,98,25,54,156,160,140,215,58.28,41.76,20.03,,,Restricted,,,,,,,,,,Left VM,,,,,157,61,100,137,92,120,151,139,190,59,117,154,Maple Street Hospital,,,115,141,67,46,236,39,225,37,23,3,145,128,14441958387,,,,,,,,,,,,,,,,,,,,84,145,97,125,91,142,14,95,77,17,236,196,,Inbound,
,,Restricted,,,,,,1981-01-12,MBR167137,Member C12,1344458931,,,Oakwood Pediatrics,,,,14-9669376,,149,89,84,57,223,120,225,131,120,132,250,113,255,133,18,103,26,229,92,166,77,9,254,222,226,,,voicemail dropped,,,,,,,,Acme Health Insurance Co,,,,,Resolved,37,58,91,121,74,27,159,217,21,160,135,255,,49.23,11.47,,,9.19E+11,,,,,,,,,,Requested callback,,,,,31,161,210,239,186,110,21,65,250,68,74,233,Golden Valley Diagnostics,,,20,1,123,209,72,46,201,152,241,217,39,17,19374543305,,,,,,,,,,,,,,,,,,,,117,151,129,60,123,214,236,44,116,186,158,172,,Inbound,
,,12937696706,,,,,,1960-07-19,MBR781355,Member A13,1791811163,,,Restricted,,,,82-3974256,,236,201,109,195,193,25,110,214,177,126,94,83,245,104,204,109,239,157,241,228,250,92,249,104,196,,,HUMAN_ANSWERED,,,,,,,,Acme Health Insurance Co,,,,,Resolved,24,141,185,140,9,93,134,201,111,137,52,184,,43.68,6.17,,,-,,,,,,,,,,,,,,,10,164,196,230,42,195,166,131,28,154,201,122,Oakwood Pediatrics,,,20,96,77,65,16,106,159,210,217,245,69,133,18234972292,,,,,,,,,,,,,,,,,,,,193,75,104,143,230,207,69,197,182,115,52,149,,Inbound,
,,14625548541,,,,,,1958-01-10,MBR883394,Member D14,1607671912,,,Bluebell Medical Group,,,,48-2122501,,110,180,62,191,120,132,46,218,61,200,252,30,250,196,168,145,254,143,113,81,206,103,243,85,179,,,VOICEMAIL_DROPPED,,,,,,,,Acme Health Insurance Co,,,,,Escalated,47,175,216,77,244,131,157,11,200,61,186,32,112.44,22.63,13.5,,,15805694999,,,,,,,,,,,,,,,12,18,177,165,191,152,134,95,240,196,174,185,Bluebell Medical Group,,,110,38,24,210,212,32,141,34,237,230,195,197,Restricted,,,,,,,,,,,,,,,,,,,,69,139,158,253,184,242,10,76,98,138,116,132,,Inbound,
